<annotation>
	<folder>frame</folder>
	<filename>police_00012.png</filename>
	<path>/home/nozhan/Documents/poc/police/policeMovie/frame/police_00012.png</path>
	<source>
		<database>Unknown</database>
	</source>
	<size>
		<width>1920</width>
		<height>1080</height>
		<depth>3</depth>
	</size>
	<segmented>0</segmented>
	<object>
		<name>police_off</name>
		<pose>Unspecified</pose>
		<truncated>0</truncated>
		<difficult>0</difficult>
		<bndbox>
			<xmin>797</xmin>
			<ymin>432</ymin>
			<xmax>1022</xmax>
			<ymax>657</ymax>
		</bndbox>
	</object>
</annotation>
